"Jerk Chicken Wings","Marinated in a spicy jerk seasoning, these chicken wings are grilled to perfection and served with a side of tangy mango salsa.","12.00"
"Conch Fritters","Crispy fritters filled with tender conch meat, onions, bell peppers, and spices. Served with a remoulade sauce for dipping.","10.50"
"Jamaican Patties","Flaky pastry pockets filled with spiced beef or chicken, onions, and bell peppers. A popular street food in Jamaica, these patties are perfect as an appetizer or snack.","6.00"
"Callaloo Fritters","Crispy fritters filled with sautéed callaloo (a type of leafy green), onions, garlic, and spices. Served with a side of jerk mayo for dipping.","8.25"
"Ackee and Saltfish Cakes","Crispy cakes made with ackee fruit, salted cod fish, onions, bell peppers, and spices. A popular appetizer in Jamaica, these cakes are often served with a side of tangy tartar sauce.","9.50"
